"","blank_Cy3_cyc15","blank_Cy5_cyc15","blank_Cy3_cyc16","blank_Cy5_cyc16"
"codex_1",-2159.81909179688,2000.781188964844,-1317.00146484375,-1390.21850585938
"codex_2",-139.026733398438,99.1731719970703,205.848129272461,403.930114746094
"codex_3",1263.18347167969,884.518859863281,1288.39331054688,1583.37072753906
"codex_4",1704.02978515625,563.39404296875,1578.76684570312,513.424865722656
"codex_5",1115.60705566406,579.967407226562,1081.69555664062,929.92578125
"codex_6",3000.11303710938,1017.33520507812,1181.59106445312,944.299011230469
"codex_7",295.280303955078,1093.54467773438,995.992858886719,1072.37145996094
"codex_8",5125.58984375,436.563690185547,1630.45935058594,941.838439941406
"codex_9",1013.66217041016,567.956665039062,984.934692382812,696.384948730469
"codex_10",2089.755859375,951.9990234375,1326.10766601562,778.244079589844
"codex_11",481.673706054688,1097.96081542969,506.744354248047,1025.00146484375
"codex_12",1494.52819824219,635.465454101562,1427.28979492188,747.391296386719
"codex_13",1780.97216796875,1154.65991210938,1346.97229003906,1330.08508300781
"codex_14",825.511535644531,370.457000732422,652.868530273438,808.535827636719
"codex_15",1361.11437988281,466.954528808594,1251.92309570312,1332.11511230469
"codex_16",1322.27880859375,701.582092285156,1100.75036621094,784.261535644531
"codex_17",1508.45581054688,680.195129394531,1143.64990234375,1057.01928710938
"codex_18",1174.72290039062,392.939086914062,951.384521484375,899.320678710938
"codex_19",-1541.85339355469,-160.502655029297,-78.6867370605469,-685.893676757812
"codex_20",1904.32299804688,1210.61303710938,1408.1455078125,1251.6376953125
"codex_21",807.302062988281,562.038757324219,622.833923339844,516.3994140625
"codex_22",1201.83764648438,794.493774414062,1123.64880371094,1133.72937011719
"codex_23",1288.05712890625,407.221374511719,881.969482421875,785.164611816406
"codex_24",1189.83813476562,668.417785644531,1115.36474609375,1002.81842041016
"codex_25",736.928894042969,604.688598632812,816.685974121094,764.982299804688
"codex_26",873.771179199219,643.016723632812,838.914611816406,798.182556152344
"codex_27",635.829467773438,91.5323181152344,278.337219238281,578.682678222656
"codex_28",1621.2900390625,785.782104492188,1241.81860351562,1241.49243164062
"codex_29",1506.05102539062,656.411010742188,752.541931152344,740.741882324219
"codex_30",1409.35571289062,301.195343017578,899.426208496094,775.359680175781
"codex_31",874.564758300781,872.35107421875,746.264038085938,1077.84594726562
"codex_32",4906.1806640625,2636.5830078125,3564.09252929688,3422.60107421875
"codex_33",1074.01428222656,968.267761230469,938.664733886719,1318.53259277344
"codex_34",25601.14453125,23830.091796875,18467.958984375,19828.7890625
"codex_35",1626.1787109375,551.519287109375,1154.6220703125,1416.74755859375
"codex_36",-367.08251953125,-91.6415405273438,-281.209442138672,-118.739303588867
"codex_37",161.073867797852,211.396148681641,398.627044677734,338.190612792969
"codex_38",1298.02453613281,682.5830078125,1099.09704589844,1147.60070800781
"codex_39",543.060913085938,571.350036621094,551.260375976562,1198.35180664062
"codex_40",3547.46728515625,537.131958007812,1005.46057128906,842.272216796875
"codex_41",918.05908203125,481.455688476562,768.285522460938,509.550628662109
"codex_42",1624.81628417969,749.315612792969,1083.07824707031,1250.18969726562
"codex_43",2025.77819824219,874.3359375,1532.33642578125,1313.3310546875
"codex_44",1011.83331298828,582.876647949219,935.287536621094,1206.35620117188
"codex_45",4258.0654296875,3671.47021484375,3000.86474609375,3967.638671875
"codex_46",154.707534790039,28.3921241760254,133.581726074219,753.194091796875
"codex_47",994.973510742188,725.6337890625,849.349487304688,1538.68481445312
"codex_48",2338.84106445312,907.589904785156,667.9345703125,298.882965087891
"codex_49",1670.86145019531,340.344940185547,550.32177734375,639.581726074219
"codex_50",493.508087158203,635.826538085938,608.019714355469,756.968811035156
"codex_51",608.835632324219,400.187835693359,509.893218994141,969.703369140625
"codex_52",-1218.48352050781,-1024.32763671875,-463.164978027344,-583.973876953125
"codex_53",3180.42700195312,2157.69189453125,2433.90942382812,2624.72290039062
"codex_54",774.660034179688,381.05078125,831.137329101562,392.396179199219
"codex_55",800.520690917969,409.129608154297,493.526397705078,1860.76403808594
"codex_56",497.129302978516,199.094802856445,722.331848144531,740.083068847656
"codex_57",1115.05310058594,721.611083984375,920.633178710938,893.267700195312
"codex_58",1657.89819335938,678.517395019531,1056.1845703125,1289.01354980469
"codex_59",1648.90197753906,751.895751953125,881.33740234375,1354.15832519531
"codex_60",-1838.36303710938,-3286.69677734375,-1317.56335449219,-2707.76293945312
"codex_61",451.168334960938,1053.82800292969,816.815795898438,979.519409179688
"codex_62",496.28564453125,734.910034179688,982.791564941406,944.811462402344
"codex_63",1577.67028808594,849.333251953125,848.996643066406,1398.57507324219
"codex_64",796.085388183594,583.603698730469,910.604614257812,768.788452148438
"codex_65",613.849304199219,863.529602050781,587.684387207031,937.837707519531
"codex_66",3767.79345703125,423.091613769531,967.961975097656,869.208679199219
"codex_67",1552.91845703125,936.376586914062,1220.75854492188,1317.35949707031
"codex_68",678.38134765625,546.782409667969,578.239440917969,732.260009765625
"codex_69",990.945678710938,745.028686523438,992.283935546875,1438.07287597656
"codex_70",594.8154296875,364.417022705078,540.294799804688,675.585632324219
"codex_71",1230.65295410156,1139.83117675781,944.905822753906,1663.22399902344
"codex_72",-680.101623535156,-347.751556396484,-427.154571533203,22.5289459228516
"codex_73",2250.10205078125,630.318176269531,1335.40112304688,1025.15246582031
"codex_74",1359.05541992188,510.154663085938,839.187194824219,766.961669921875
"codex_75",775.353210449219,269.582336425781,480.46142578125,396.222808837891
"codex_76",1191.47583007812,479.652465820312,1130.98779296875,962.572998046875
"codex_77",623.640258789062,564.728637695312,731.8203125,657.81884765625
"codex_78",621.163879394531,189.70947265625,387.080200195312,129.578079223633
"codex_79",2970.291015625,1610.80541992188,1514.18640136719,1686.455078125
"codex_80",-90.6773452758789,-163.23469543457,209.651275634766,344.900054931641
"codex_81",751.217651367188,584.923522949219,736.609619140625,757.179504394531
"codex_82",1032.57897949219,847.904846191406,1018.212890625,1005.01055908203
"codex_83",1993.94189453125,1212.15710449219,1253.28686523438,1315.34240722656
"codex_84",-313.951599121094,-148.757247924805,24.925350189209,13.2500085830688
"codex_85",761.129821777344,541.806030273438,762.288269042969,712.157531738281
"codex_86",733.103271484375,544.869262695312,803.939575195312,792.773681640625
"codex_87",760.530395507812,606.0234375,1118.14929199219,822.457580566406
"codex_88",1513.08264160156,367.05322265625,607.144958496094,1314.45129394531
"codex_89",741.737854003906,545.533569335938,437.15625,586.359802246094
"codex_90",964.111389160156,190.208465576172,717.509948730469,664.164672851562
"codex_91",387.897552490234,427.787902832031,728.414672851562,586.927001953125
"codex_92",2659.83203125,1569.49279785156,1494.4638671875,1892.27355957031
"codex_93",996.195922851562,607.192687988281,814.505676269531,760.543395996094
"codex_94",1017.24462890625,297.680541992188,616.091430664062,465.686950683594
"codex_95",871.678466796875,834.234436035156,568.600280761719,926.873779296875
"codex_96",1246.5234375,534.027770996094,465.661743164062,811.730041503906
"codex_97",263.106262207031,313.764892578125,557.926696777344,479.31640625
"codex_98",704.811584472656,268.792388916016,620.112915039062,366.863006591797
"codex_99",1515.82885742188,749.547607421875,1320.45837402344,883.234252929688
"codex_100",2612.52758789062,545.682067871094,715.816101074219,952.754211425781
"codex_101",3023.20458984375,242.651519775391,520.555541992188,171.733947753906
"codex_102",1703.25146484375,773.762573242188,952.675048828125,1359.73327636719
"codex_103",2934.2080078125,935.747802734375,986.502990722656,2140.82006835938
"codex_104",514.148620605469,348.439392089844,804.932739257812,511.182189941406
"codex_105",986.50732421875,382.039428710938,802.588684082031,762.994384765625
"codex_106",1517.38500976562,651.275268554688,1058.068359375,586.153747558594
"codex_107",-713.373901367188,-293.632781982422,-148.009384155273,-254.161437988281
"codex_108",1786.95300292969,774.619323730469,1073.50793457031,1035.91027832031
"codex_109",1363.47741699219,153.012084960938,888.881469726562,376.723968505859
"codex_110",1847.75964355469,518.428771972656,930.513549804688,888.74951171875
"codex_111",269.868743896484,302.917724609375,447.614074707031,752.070617675781
"codex_112",920.063171386719,715.108703613281,698.018676757812,1051.2802734375
"codex_113",1756.90747070312,405.926330566406,844.28173828125,386.973358154297
"codex_114",1381.86706542969,816.175598144531,1077.83239746094,1104.38708496094
"codex_115",918.809326171875,124.54222869873,328.349212646484,208.548767089844
"codex_116",1343.42602539062,454.655090332031,1060.28918457031,844.861145019531
"codex_117",2245.40991210938,730.990173339844,1230.41833496094,1222.04797363281
"codex_118",1376.23767089844,822.702331542969,1062.92248535156,1410.61828613281
"codex_119",831.869323730469,233.623687744141,365.481414794922,607.611511230469
"codex_120",931.378723144531,944.561950683594,912.043701171875,1543.97729492188
"codex_121",480.000915527344,391.656188964844,669.293579101562,457.186950683594
"codex_122",1339.19616699219,759.962890625,1024.28088378906,1021.99273681641
"codex_123",134.479354858398,371.919586181641,464.658172607422,719.550903320312
"codex_124",1397.63830566406,678.381774902344,977.690185546875,978.3125
"codex_125",848.698181152344,602.734741210938,801.616638183594,1088.52758789062
"codex_126",435.507263183594,898.816467285156,744.604797363281,1801.6396484375
"codex_127",1180.65100097656,644.313049316406,982.0498046875,793.745910644531
"codex_128",1090.02905273438,155.737731933594,437.188537597656,395.79541015625
"codex_129",1675.64123535156,812.273132324219,1304.7080078125,1246.60681152344
"codex_130",970.838012695312,721.513671875,1097.02209472656,1031.73107910156
"codex_131",1768.18225097656,757.5419921875,1100.26135253906,1193.06555175781
"codex_132",364.743255615234,255.779449462891,409.434722900391,871.829711914062
"codex_133",1642.80651855469,706.086181640625,814.996154785156,960.214416503906
"codex_134",900.609741210938,563.294860839844,504.428344726562,729.605407714844
"codex_135",1487.79809570312,613.668518066406,911.867858886719,1061.4052734375
"codex_136",723.395263671875,475.030853271484,744.716918945312,844.508239746094
"codex_137",1220.17333984375,667.796325683594,916.51611328125,882.284118652344
"codex_138",1097.61547851562,692.76953125,998.196105957031,881.772644042969
"codex_139",779.343383789062,652.075622558594,759.573974609375,1162.7314453125
"codex_140",906.219604492188,237.490936279297,1071.32543945312,464.255798339844
"codex_141",1839.48034667969,880.805053710938,1208.57873535156,1155.17175292969
"codex_142",605.431823730469,574.17724609375,820.891540527344,705.561157226562
"codex_143",3371.421875,665.417663574219,1456.95288085938,1416.74951171875
"codex_144",743.684631347656,585.346557617188,640.019836425781,673.970458984375
"codex_145",170.255584716797,158.456314086914,55.4153823852539,596.181640625
"codex_146",999.203552246094,487.302673339844,731.397705078125,735.451416015625
"codex_147",1163.73095703125,183.445068359375,570.562805175781,688.880004882812
"codex_148",1010.294921875,578.556823730469,703.133911132812,1091.51684570312
"codex_149",540.410400390625,572.296081542969,573.872009277344,1069.84497070312
"codex_150",68.4353942871094,655.059509277344,800.335021972656,606.809875488281
"codex_151",983.196350097656,504.016937255859,923.054992675781,831.554992675781
"codex_152",835.060363769531,229.327987670898,404.755798339844,242.352233886719
"codex_153",294.330230712891,656.284423828125,372.233642578125,1163.96752929688
"codex_154",1348.40600585938,961.045471191406,1289.17419433594,1536.57800292969
"codex_155",653.900756835938,483.943420410156,790.1552734375,831.572143554688
"codex_156",1136.34399414062,448.950103759766,882.632934570312,553.316284179688
"codex_157",515.756225585938,262.111694335938,614.976501464844,495.138000488281
"codex_158",2392.16015625,739.209228515625,1645.11145019531,942.968078613281
"codex_159",2550.92993164062,709.485107421875,1300.18298339844,1202.5849609375
"codex_160",1523.46044921875,618.158508300781,1220.81823730469,1357.38488769531
"codex_161",1107.80578613281,692.44482421875,1039.91687011719,905.906982421875
"codex_162",4241.22998046875,138.709594726562,524.588562011719,772.947570800781
"codex_163",138.658416748047,197.679565429688,710.481567382812,292.616882324219
"codex_164",2489.49951171875,951.9375,1416.84497070312,1216.6376953125
"codex_165",377.393859863281,336.874908447266,391.552642822266,315.983306884766
"codex_166",1451.51892089844,860.0791015625,1157.01635742188,1021.67236328125
"codex_167",1924.60363769531,996.250244140625,1630.26623535156,1921.68347167969
"codex_168",2273.26831054688,626.966369628906,1082.56799316406,819.13037109375
"codex_169",2689.9638671875,784.393859863281,1262.39489746094,1112.35107421875
"codex_170",1639.99011230469,962.659606933594,1482.52734375,1353.28308105469
"codex_171",947.442016601562,778.116088867188,1036.68957519531,1034.70910644531
"codex_172",681.890869140625,229.358840942383,562.197204589844,987.255615234375
"codex_173",978.829528808594,643.2763671875,730.074890136719,1205.26513671875
"codex_174",2170.81567382812,1206.82824707031,1445.33557128906,1815.73718261719
"codex_175",659.496276855469,295.813690185547,763.659851074219,451.672607421875
"codex_176",932.132385253906,618.479858398438,765.586730957031,722.648498535156
"codex_177",1319.22106933594,395.267791748047,877.841857910156,506.814453125
"codex_178",1917.95043945312,745.499389648438,1063.44104003906,1206.67224121094
"codex_179",1204.04418945312,523.310729980469,759.033203125,1037.01135253906
"codex_180",2403.97680664062,767.794616699219,1094.2109375,902.654296875
"codex_181",1969.83947753906,357.52880859375,807.67041015625,402.670349121094
"codex_182",633.256286621094,444.717926025391,573.094909667969,717.481140136719
"codex_183",502.095397949219,202.76237487793,351.324829101562,313.375396728516
"codex_184",846.931945800781,465.335021972656,630.660095214844,800.27978515625
"codex_185",36.0104904174805,163.657821655273,314.212890625,438.22021484375
"codex_186",995.03857421875,345.647491455078,705.794799804688,616.790344238281
"codex_187",1234.01416015625,689.302978515625,1138.1162109375,709.08740234375
"codex_188",437.465545654297,336.612976074219,508.300170898438,594.240417480469
"codex_189",730.596496582031,530.183044433594,764.204284667969,784.080139160156
"codex_190",540.843688964844,176.489730834961,528.53369140625,591.352416992188
"codex_191",483.324523925781,461.604339599609,578.328369140625,961.598205566406
"codex_192",1181.52648925781,655.686218261719,1310.18115234375,1436.60949707031
"codex_193",1081.32629394531,784.139099121094,901.046203613281,1032.525390625
"codex_194",1345.33520507812,696.994812011719,915.728210449219,1279.79077148438
"codex_195",1285.06677246094,868.956970214844,1036.21252441406,1139.61999511719
"codex_196",1118.45629882812,257.480499267578,804.499816894531,200.021301269531
"codex_197",1884.53393554688,523.671997070312,1119.21911621094,880.831970214844
"codex_198",605.967834472656,20.9194278717041,345.073120117188,-52.4396667480469
"codex_199",427.797149658203,537.7001953125,647.009521484375,569.1689453125
"codex_200",568.320739746094,240.120986938477,621.386474609375,259.748596191406
"codex_201",1955.04711914062,379.367889404297,700.728210449219,1021.24884033203
"codex_202",946.064880371094,335.811584472656,636.374145507812,232.838592529297
"codex_203",1531.41540527344,602.714172363281,942.21630859375,760.437744140625
"codex_204",704.442077636719,478.654998779297,694.720581054688,552.079284667969
"codex_205",-254.222564697266,269.655822753906,351.098968505859,1021.10131835938
"codex_206",1530.00927734375,1207.33569335938,1285.16320800781,1269.07360839844
"codex_207",411.932952880859,492.232818603516,604.815002441406,507.444854736328
"codex_208",943.519653320312,596.467163085938,634.712219238281,956.206298828125
"codex_209",1235.47937011719,722.375427246094,1050.64599609375,417.865447998047
"codex_210",718.845336914062,443.46630859375,803.706420898438,867.836059570312
"codex_211",1021.80041503906,796.45263671875,798.714721679688,766.84130859375
"codex_212",1942.63623046875,976.394226074219,1238.29919433594,1134.49890136719
"codex_213",895.032470703125,585.063171386719,641.976806640625,748.89794921875
"codex_214",13.375036239624,503.807586669922,135.208679199219,755.420349121094
"codex_215",2737.73095703125,1261.66528320312,1643.07336425781,1279.03112792969
"codex_216",717.818420410156,728.867309570312,886.425476074219,848.574951171875
"codex_217",2278.85546875,764.328491210938,1452.98510742188,1304.13244628906
"codex_218",1061.92028808594,411.419494628906,817.471862792969,786.341796875
"codex_219",723.9716796875,450.742004394531,756.395446777344,331.843048095703
"codex_220",1852.45910644531,554.902954101562,1028.00451660156,628.618957519531
"codex_221",991.4853515625,461.882934570312,994.970764160156,1063.32189941406
"codex_222",127.38313293457,297.877258300781,327.030853271484,507.102813720703
"codex_223",674.10302734375,216.991851806641,450.451232910156,585.562866210938
"codex_224",2397.74560546875,634.616455078125,946.386779785156,2641.25390625
"codex_225",1442.39514160156,604.877502441406,1155.82922363281,738.003662109375
"codex_226",2191.35913085938,804.106689453125,1214.59704589844,1709.912109375
"codex_227",628.781494140625,148.774993896484,425.245941162109,760.807983398438
"codex_228",3053.93090820312,1102.12390136719,1819.060546875,3093.87036132812
"codex_229",838.620178222656,307.973815917969,663.299743652344,780.150817871094
"codex_230",929.0048828125,214.744491577148,453.971038818359,486.063079833984
"codex_231",596.263549804688,458.661163330078,560.615783691406,721.915161132812
"codex_232",877.625366210938,472.970031738281,825.457397460938,532.118469238281
"codex_233",2357.37622070312,329.206573486328,712.583740234375,998.9990234375
"codex_234",588.032592773438,153.639007568359,190.063888549805,751.703491210938
"codex_235",3094.294921875,1165.87548828125,2706.88989257812,1547.05737304688
"codex_236",1626.40270996094,621.412719726562,1185.43920898438,831.051818847656
"codex_237",893.655334472656,534.637268066406,838.177978515625,739.734436035156
"codex_238",1388.91552734375,714.215209960938,1195.63488769531,1453.92895507812
"codex_239",-474.067687988281,-468.9228515625,-446.625549316406,617.599609375
"codex_240",506.739929199219,222.556900024414,372.906127929688,962.933959960938
"codex_241",1829.68298339844,963.673034667969,1722.21826171875,954.08349609375
"codex_242",582.154357910156,540.268798828125,671.620483398438,990.224060058594
"codex_243",731.759826660156,254.219772338867,575.933288574219,610.43017578125
"codex_244",958.969543457031,547.922485351562,839.851135253906,1011.76409912109
"codex_245",647.737915039062,302.572387695312,548.188720703125,835.159790039062
"codex_246",844.563293457031,264.714660644531,559.717163085938,672.546142578125
"codex_247",1335.02270507812,697.505554199219,1066.572265625,1037.23303222656
"codex_248",1631.62280273438,361.914733886719,1487.73364257812,539.322143554688
"codex_249",1039.84326171875,600.980834960938,864.957153320312,1079.69482421875
"codex_250",-627.714721679688,-514.419982910156,-831.559814453125,-899.753173828125
"codex_251",534.742736816406,504.475219726562,605.396423339844,678.277221679688
"codex_252",1561.63110351562,750.495788574219,1200.92626953125,1040.93835449219
"codex_253",1823.60339355469,726.973937988281,1583.18115234375,1042.76159667969
"codex_254",1420.96252441406,724.669921875,814.321166992188,976.059448242188
"codex_255",888.528503417969,857.617370605469,1027.95104980469,1456.40441894531
"codex_256",1258.90808105469,1154.50598144531,1274.37707519531,1272.44055175781
"codex_257",362.782501220703,340.701873779297,565.991943359375,414.492034912109
"codex_258",941.91552734375,416.068878173828,536.433715820312,1303.70483398438
"codex_259",1751.6171875,861.865417480469,1416.90747070312,1063.84301757812
"codex_260",442.454986572266,499.222106933594,496.654541015625,497.445037841797
"codex_261",463.953308105469,314.633453369141,683.490478515625,263.206451416016
"codex_262",1611.78210449219,632.902038574219,1293.62487792969,903.015380859375
"codex_263",673.110290527344,426.973388671875,673.729064941406,836.472045898438
"codex_264",1304.84155273438,518.733825683594,842.006652832031,1126.9931640625
"codex_265",258.535522460938,400.401184082031,652.149536132812,616.348388671875
"codex_266",1474.46765136719,765.004455566406,1002.48089599609,1403.77697753906
"codex_267",832.220031738281,625.578430175781,652.473449707031,1249.47766113281
"codex_268",362.863922119141,338.828887939453,573.733459472656,458.355499267578
"codex_269",905.187438964844,324.893707275391,816.657958984375,443.068237304688
"codex_270",675.72216796875,647.299377441406,773.705444335938,529.530395507812
"codex_271",1022.18829345703,313.964477539062,637.489929199219,617.810119628906
"codex_272",2600.60302734375,636.085510253906,741.74658203125,1395.46716308594
"codex_273",1822.42639160156,26.4185523986816,95.5498886108398,86.8132095336914
"codex_274",1359.47131347656,871.990661621094,1113.91882324219,698.178100585938
"codex_275",705.834594726562,176.218673706055,584.598327636719,284.144653320312
"codex_276",1057.74719238281,543.834411621094,812.861267089844,563.247863769531
"codex_277",827.330139160156,321.188751220703,550.578186035156,472.608215332031
"codex_278",394.662322998047,174.102783203125,508.786743164062,-173.437423706055
"codex_279",920.711303710938,472.936218261719,426.75,927.683715820312
"codex_280",577.812438964844,618.112243652344,616.491333007812,587.602478027344
"codex_281",481.611724853516,434.765502929688,710.828369140625,686.096435546875
"codex_282",2503.49365234375,1158.78564453125,2000.29064941406,1285.28112792969
"codex_283",1601.5087890625,440.474609375,769.654968261719,580.705322265625
"codex_284",2028.25646972656,594.801452636719,1443.54052734375,1334.60913085938
"codex_285",2081.02124023438,282.027984619141,726.542846679688,378.384033203125
"codex_286",1665.86315917969,748.584899902344,1122.17358398438,1012.86853027344
"codex_287",1549.94641113281,752.894165039062,1189.20910644531,1052.21826171875
"codex_288",1742.54724121094,731.137023925781,887.966796875,1310.66772460938
"codex_289",778.729370117188,510.114807128906,761.899169921875,898.350036621094
"codex_290",1734.75634765625,302.232757568359,657.373962402344,925.699462890625
"codex_291",1562.33715820312,808.837768554688,1410.96069335938,1302.10729980469
"codex_292",459.666229248047,1434.49682617188,744.766662597656,1236.609375
"codex_293",261.912109375,15.9082202911377,116.198013305664,842.439147949219
"codex_294",1178.09509277344,485.1572265625,859.49072265625,566.897644042969
"codex_295",1794.16125488281,1059.18237304688,1296.02856445312,2295.66845703125
"codex_296",547.404724121094,183.41178894043,227.830688476562,898.577575683594
"codex_297",1447.72021484375,624.894653320312,1031.00634765625,841.049377441406
"codex_298",1017.69219970703,513.133544921875,855.616271972656,2019.05908203125
"codex_299",1223.58154296875,580.033935546875,858.514465332031,665.356811523438
"codex_300",1159.45825195312,466.369476318359,861.995361328125,848.32568359375
"codex_301",733.280578613281,819.987182617188,915.788391113281,772.236755371094
"codex_302",-448.582214355469,-504.930847167969,-783.90869140625,-389.791870117188
"codex_303",791.6572265625,193.532760620117,692.169616699219,155.945983886719
"codex_304",716.378295898438,571.005798339844,1247.26965332031,1736.13024902344
"codex_305",2749.55688476562,965.569580078125,1661.96008300781,1665.33435058594
"codex_306",544.331665039062,175.573532104492,471.750457763672,-427.085327148438
"codex_307",1740.98889160156,548.300476074219,748.132507324219,1365.74951171875
"codex_308",1135.51306152344,322.170593261719,650.478759765625,660.233154296875
"codex_309",943.97119140625,353.038238525391,515.499572753906,533.14306640625
"codex_310",787.679931640625,383.59130859375,723.211181640625,383.995178222656
"codex_311",456.935791015625,639.651672363281,915.540222167969,855.509948730469
"codex_312",386.354919433594,242.34765625,336.616333007812,90.3137969970703
"codex_313",712.647033691406,671.343994140625,863.479187011719,1091.10571289062
"codex_314",1986.68103027344,1211.44262695312,1793.27661132812,1468.79248046875
"codex_315",904.462036132812,678.780883789062,989.84130859375,1191.68334960938
"codex_316",1240.67553710938,540.617004394531,1007.28784179688,610.36572265625
"codex_317",376.9619140625,-53.5357856750488,95.8243408203125,79.6146926879883
"codex_318",570.137145996094,376.004791259766,662.026611328125,188.823913574219
"codex_319",1610.31201171875,629.852966308594,1134.89501953125,638.921997070312
"codex_320",322.167510986328,-176.763549804688,-47.1834983825684,-685.685974121094
"codex_321",1541.14270019531,987.842651367188,1248.54895019531,1508.7880859375
"codex_322",480.785858154297,39.8985023498535,87.5097808837891,325.818420410156
"codex_323",1014.0048828125,814.063354492188,1009.82739257812,1030.99206542969
"codex_324",1922.31860351562,720.876708984375,1239.55090332031,962.082641601562
"codex_325",809.97705078125,377.628601074219,712.320373535156,629.640869140625
"codex_326",808.396789550781,190.611938476562,382.253692626953,559.592407226562
"codex_327",1537.28186035156,786.089477539062,1116.96240234375,1173.12670898438
"codex_328",784.536315917969,322.831604003906,557.438354492188,1609.9931640625
"codex_329",1826.03015136719,722.199829101562,843.64453125,989.520874023438
"codex_330",862.709533691406,655.471008300781,862.09716796875,597.827026367188
"codex_331",1480.00134277344,393.634887695312,725.136169433594,432.260986328125
"codex_332",985.419311523438,515.496032714844,702.788269042969,559.434936523438
"codex_333",1406.90148925781,753.474731445312,1234.79968261719,944.945373535156
"codex_334",961.030883789062,305.957916259766,727.628356933594,495.870849609375
"codex_335",1800.44201660156,564.855712890625,1103.10485839844,753.356323242188
"codex_336",2200.16064453125,722.831420898438,1375.29370117188,1358.87133789062
"codex_337",510.823333740234,656.802856445312,571.9765625,1189.66540527344
"codex_338",1012.17474365234,759.066772460938,893.211975097656,1174.57104492188
"codex_339",-1042.20935058594,-671.239624023438,-77.4032974243164,-96.6831588745117
"codex_340",1221.71301269531,1109.23156738281,1219.29516601562,1399.67468261719
"codex_341",1366.35705566406,591.669311523438,1084.36791992188,1068.99279785156
"codex_342",1226.24694824219,940.272888183594,1290.19897460938,1325.34423828125
"codex_343",1037.11450195312,387.792694091797,836.1650390625,831.940185546875
"codex_344",1092.62084960938,353.647796630859,622.089721679688,688.116943359375
"codex_345",1625.85522460938,739.59375,1110.21459960938,1106.73864746094
"codex_346",855.897888183594,157.778747558594,288.956298828125,426.512939453125
"codex_347",1905.92199707031,646.903991699219,1205.02172851562,1256.68408203125
"codex_348",1636.7099609375,600.025573730469,1002.60601806641,1341.89379882812
"codex_349",701.910522460938,58.7803039550781,426.735809326172,129.949905395508
"codex_350",744.624694824219,204.837127685547,309.579498291016,245.480743408203
"codex_351",1167.19274902344,649.900207519531,1032.23608398438,1261.30749511719
"codex_352",550.086547851562,99.8449783325195,138.174301147461,791.941833496094
"codex_353",861.883361816406,844.532104492188,855.451293945312,736.723999023438
"codex_354",2260.54345703125,708.912841796875,790.028076171875,885.962463378906
"codex_355",977.359802246094,671.266967773438,726.290954589844,1204.50793457031
"codex_356",746.348937988281,194.350967407227,318.315795898438,751.930541992188
"codex_357",297.754943847656,545.595825195312,470.977752685547,542.068115234375
"codex_358",280.685089111328,23.6807060241699,338.788970947266,-102.421020507812
"codex_359",1789.66040039062,729.493041992188,1238.48034667969,822.271057128906
"codex_360",556.6923828125,488.127136230469,644.847595214844,809.258605957031
"codex_361",653.580749511719,527.399780273438,694.866638183594,536.24169921875
"codex_362",275.711944580078,139.763168334961,579.543701171875,119.025665283203
"codex_363",1140.8310546875,769.387390136719,946.838439941406,831.534973144531
"codex_364",6965.6015625,4749.28076171875,4240.68310546875,4281.94482421875
"codex_365",1532.14514160156,516.362426757812,1068.17370605469,904.652587890625
"codex_366",790.147705078125,245.245559692383,504.466491699219,397.442108154297
"codex_367",1772.33679199219,485.136657714844,1228.37939453125,826.491394042969
"codex_368",-27.5398082733154,340.010223388672,259.403839111328,936.788024902344
"codex_369",801.701232910156,570.306213378906,655.100402832031,1233.85998535156
"codex_370",1377.71911621094,769.027526855469,938.645080566406,1289.05480957031
"codex_371",4.30036926269531,-167.145462036133,89.6654586791992,6.99765968322754
"codex_372",1066.67956542969,628.368469238281,986.464721679688,1071.84582519531
"codex_373",1368.13745117188,994.497436523438,1130.31005859375,1106.4130859375
"codex_374",2209.24389648438,767.307922363281,1459.99304199219,772.905456542969
"codex_375",1609.83581542969,810.733215332031,1114.51513671875,1213.43176269531
"codex_376",1237.41577148438,413.352508544922,771.593872070312,634.722717285156
"codex_377",886.902770996094,278.220062255859,481.503204345703,298.846069335938
"codex_378",1081.83935546875,486.473846435547,1023.11291503906,647.175842285156
"codex_379",959.037963867188,365.001831054688,512.213989257812,220.344512939453
"codex_380",331.929901123047,426.481811523438,499.210235595703,1133.07299804688
"codex_381",1186.11193847656,436.554382324219,995.222595214844,653.587280273438
"codex_382",1461.97802734375,751.846618652344,924.39208984375,926.371154785156
"codex_383",168.025604248047,-27.2409687042236,-11.0030326843262,-405.063415527344
"codex_384",1779.10876464844,613.300048828125,974.710327148438,1345.72778320312
"codex_385",1296.64892578125,793.269592285156,1042.7314453125,1276.48413085938
"codex_386",321.805053710938,327.4345703125,214.280654907227,324.662933349609
"codex_387",586.718200683594,645.069396972656,703.521179199219,966.732055664062
"codex_388",415.198181152344,523.459899902344,768.593322753906,671.055725097656
"codex_389",4060.03393554688,458.130859375,762.875854492188,973.816833496094
"codex_390",491.425964355469,502.349243164062,491.632202148438,1328.26428222656
"codex_391",1634.1064453125,396.137237548828,852.960815429688,416.819671630859
"codex_392",808.478881835938,584.681701660156,631.742309570312,451.949340820312
"codex_393",1812.26940917969,377.878723144531,620.085815429688,932.164733886719
"codex_394",1044.876953125,222.007080078125,550.250366210938,347.813171386719
"codex_395",1483.91296386719,367.668518066406,784.993408203125,425.216094970703
"codex_396",-352.807556152344,132.274124145508,482.952392578125,390.376037597656
"codex_397",1427.49450683594,847.897399902344,1216.10327148438,1477.25244140625
"codex_398",1206.72119140625,710.546875,1137.54895019531,1314.6787109375
"codex_399",714.895935058594,202.695327758789,571.491455078125,80.2290573120117
"codex_400",980.687866210938,385.936553955078,670.714538574219,309.609069824219
"codex_401",230.020080566406,250.481719970703,291.350128173828,448.987701416016
"codex_402",985.735290527344,621.953002929688,1073.431640625,909.165771484375
"codex_403",4627.60302734375,345.554260253906,663.8720703125,1113.34826660156
"codex_404",2083.04638671875,560.094177246094,750.474853515625,533.350280761719
"codex_405",1379.9267578125,649.84130859375,731.71826171875,1102.15319824219
"codex_406",40.4021682739258,328.758239746094,477.029479980469,869.8017578125
"codex_407",1059.64709472656,696.747375488281,908.752868652344,786.291381835938
"codex_408",2093.85375976562,914.942810058594,1232.708984375,722.53515625
"codex_409",2033.626953125,688.740417480469,1252.7392578125,770.485717773438
"codex_410",215.902755737305,215.672317504883,129.883972167969,346.937347412109
"codex_411",6969.9755859375,862.421752929688,1535.2958984375,1434.99560546875
"codex_412",764.379455566406,46.0720176696777,321.145538330078,-126.882064819336
"codex_413",449.775817871094,374.446472167969,801.161071777344,482.774658203125
"codex_414",789.483215332031,283.819915771484,725.463806152344,464.505249023438
"codex_415",753.432067871094,404.196136474609,635.031921386719,1063.00646972656
"codex_416",1329.07019042969,248.570175170898,817.576721191406,570.416748046875
"codex_417",511.019622802734,75.6189575195312,345.939361572266,144.039474487305
"codex_418",586.006591796875,354.215698242188,1292.30053710938,905.450439453125
"codex_419",2896.58447265625,891.365417480469,1105.56091308594,1192.22888183594
"codex_420",1255.12829589844,317.9091796875,582.927001953125,131.015991210938
"codex_421",1275.86303710938,607.278259277344,1062.33361816406,503.510223388672
"codex_422",616.972961425781,693.664123535156,713.357299804688,1265.25
"codex_423",2117.84228515625,816.872924804688,1303.75537109375,1627.9287109375
"codex_424",177.636108398438,-27.9296131134033,412.679412841797,16.0212535858154
"codex_425",1949.45202636719,482.043914794922,885.219543457031,743.142761230469
"codex_426",527.917175292969,274.689636230469,475.361389160156,1155.97985839844
"codex_427",1013.80548095703,607.514709472656,759.785339355469,1385.5263671875
"codex_428",801.034240722656,408.658569335938,730.151000976562,734.455749511719
"codex_429",-494.162658691406,65.4013366699219,529.383361816406,248.599822998047
"codex_430",151.000595092773,50.5348892211914,481.34423828125,-130.832611083984
"codex_431",-351.377990722656,387.130584716797,72.1846389770508,330.971618652344
"codex_432",497.286010742188,562.578308105469,713.78369140625,752.457458496094
"codex_433",1743.13830566406,309.92333984375,860.452758789062,313.323822021484
"codex_434",663.410217285156,505.642822265625,675.060485839844,929.545776367188
"codex_435",1823.5078125,661.194580078125,1248.74328613281,1243.38671875
"codex_436",965.792602539062,893.454956054688,858.436096191406,969.936279296875
"codex_437",754.884460449219,492.510162353516,756.11474609375,614.742553710938
"codex_438",3106.62255859375,555.137268066406,1045.31787109375,1742.23620605469
"codex_439",608.663513183594,353.830688476562,657.010620117188,763.022094726562
"codex_440",864.320129394531,719.301635742188,820.30126953125,714.913757324219
"codex_441",1131.13098144531,518.279113769531,750.460632324219,517.793212890625
"codex_442",1472.18664550781,863.074340820312,951.892944335938,1311.8515625
"codex_443",672.521362304688,195.615829467773,479.361968994141,438.430755615234
"codex_444",126.355339050293,68.8067321777344,428.437805175781,112.081733703613
"codex_445",533.9873046875,544.296325683594,669.457702636719,449.841217041016
"codex_446",583.532165527344,230.909622192383,549.680725097656,339.638549804688
"codex_447",1288.61364746094,450.377014160156,761.007202148438,702.900085449219
"codex_448",1383.88195800781,593.913818359375,769.580383300781,1149.3349609375
"codex_449",-75.1722564697266,-287.381683349609,-46.8628730773926,-38.635326385498
"codex_450",1568.57885742188,967.630676269531,880.254516601562,1900.72387695312
"codex_451",-137.899108886719,418.120330810547,1185.02673339844,941.44189453125
"codex_452",1542.65563964844,950.975708007812,1319.88305664062,1627.10949707031
"codex_453",1055.29089355469,55.9576072692871,594.625183105469,168.062744140625
"codex_454",1085.42529296875,158.961212158203,478.115386962891,650.026794433594
"codex_455",1293.15686035156,493.051300048828,1039.34460449219,758.156982421875
"codex_456",1736.87646484375,489.753356933594,676.710876464844,701.167053222656
"codex_457",1166.39733886719,482.790161132812,648.683715820312,414.158416748047
"codex_458",5372.5458984375,671.470458984375,1310.12573242188,1358.22094726562
"codex_459",896.636901855469,325.038543701172,423.246826171875,871.94482421875
"codex_460",1353.39807128906,1112.70959472656,1269.4072265625,1524.60986328125
"codex_461",1151.75927734375,1047.19738769531,1374.54443359375,1610.25158691406
"codex_462",514.309875488281,731.669494628906,710.858581542969,758.704528808594
"codex_463",910.932312011719,356.7919921875,876.768920898438,390.125366210938
"codex_464",530.221435546875,445.328399658203,421.473602294922,517.909851074219
"codex_465",1578.61975097656,710.933898925781,1012.90979003906,785.687622070312
"codex_466",585.352966308594,398.05615234375,591.95263671875,1357.37365722656
"codex_467",2115.75854492188,347.43896484375,999.340515136719,699.687561035156
"codex_468",467.468719482422,-452.043090820312,18.7862758636475,225.880020141602
"codex_469",646.60693359375,287.208648681641,667.61181640625,1224.28527832031
"codex_470",388.105590820312,1153.94165039062,1066.39758300781,983.137512207031
"codex_471",1011.04113769531,481.624847412109,877.835510253906,707.697387695312
"codex_472",639.283020019531,286.328704833984,570.529602050781,282.826263427734
"codex_473",861.332214355469,-75.1373901367188,270.553955078125,349.207336425781
"codex_474",1864.19970703125,811.572387695312,922.368957519531,1171.58813476562
"codex_475",16635.861328125,16115.4990234375,12329.8525390625,14213.625
"codex_476",1322.05029296875,234.009643554688,860.033386230469,833.185302734375
"codex_477",2560.173828125,453.996551513672,790.038696289062,734.180358886719
"codex_478",1071.99426269531,837.876647949219,1144.89282226562,1333.45751953125
"codex_479",5295.86865234375,3696.02954101562,3950.11547851562,3042.6630859375
"codex_480",783.203002929688,82.0043487548828,451.574523925781,76.5426330566406
"codex_481",996.048156738281,610.660034179688,1305.67614746094,1244.17810058594
"codex_482",1742.75280761719,938.353881835938,726.4423828125,1310.07104492188
"codex_483",230.689071655273,144.152816772461,229.935272216797,482.352935791016
"codex_484",1886.1650390625,874.37548828125,1012.45867919922,1357.12927246094
"codex_485",841.095092773438,236.885879516602,765.944702148438,479.729339599609
"codex_486",-432.161102294922,-1799.55749511719,-901.315185546875,-373.745056152344
"codex_487",661.890380859375,681.976623535156,825.423217773438,1211.57775878906
"codex_488",-64.7365188598633,143.878189086914,194.334045410156,540.468383789062
"codex_489",1193.52258300781,433.155029296875,761.029602050781,453.602294921875
"codex_490",0.634303748607635,92.0509338378906,386.836120605469,115.777450561523
"codex_491",537.205200195312,550.557922363281,445.3095703125,831.904663085938
"codex_492",496.798522949219,324.723846435547,320.025115966797,158.307754516602
"codex_493",76.9797058105469,1216.95349121094,461.157012939453,953.776733398438
"codex_494",983.609619140625,367.649688720703,478.147521972656,504.436889648438
"codex_495",660.604187011719,15.8623914718628,1094.70092773438,845.847900390625
"codex_496",319.454345703125,-2063.71069335938,-175.638626098633,-255.442977905273
"codex_497",526.275085449219,84.4321136474609,449.234649658203,684.172058105469
"codex_498",1564.44995117188,1045.35375976562,1697.52685546875,1709.92553710938
"codex_499",1586.322265625,932.293823242188,1092.92138671875,1069.0791015625
"codex_500",400.087097167969,2761.24633789062,206.501235961914,624.671203613281
"codex_501",1315.53271484375,307.52685546875,523.493347167969,400.847503662109
"codex_502",1794.75439453125,466.304229736328,1139.72546386719,876.458984375
"codex_503",29723.294921875,24261.638671875,19923.271484375,19109.68359375
"codex_504",779.181030273438,823.654663085938,858.397888183594,1482.26989746094
"codex_505",892.729675292969,520.196533203125,722.372375488281,582.545837402344
"codex_506",3291.9609375,738.193969726562,1385.83813476562,945.145812988281
"codex_507",-2668.43139648438,-2193.32861328125,-1284.2548828125,-1383.56384277344
"codex_508",687.483215332031,421.227996826172,857.79443359375,599.934204101562
"codex_509",-592.273254394531,-102.37166595459,108.975746154785,-22.3325634002686
"codex_510",1203.90930175781,368.673431396484,917.752075195312,475.840301513672
"codex_511",1191.54052734375,602.166564941406,1210.77978515625,700.466857910156
"codex_512",251.642959594727,303.555389404297,131.425323486328,577.644714355469
"codex_513",1659.5634765625,976.3203125,1350.31262207031,871.799682617188
"codex_514",89.409309387207,-10.7000675201416,213.582550048828,451.607788085938
"codex_515",310.442657470703,284.838317871094,431.593841552734,510.320129394531
"codex_516",1141.62109375,376.023498535156,562.1630859375,768.357666015625
"codex_517",2116.755859375,754.519897460938,1037.74377441406,1369.95190429688
"codex_518",530.842590332031,435.755249023438,607.526733398438,1205.52612304688
"codex_519",39294.01953125,33634.9921875,34232.109375,34437.328125
"codex_520",436.957244873047,-426.764709472656,631.053527832031,1838.90490722656
"codex_521",4530.7841796875,1533.8974609375,1653.31115722656,1820.08898925781
"codex_522",1281.16674804688,-571.142639160156,1430.30151367188,16.8268413543701
"codex_523",700.866088867188,3715.65698242188,388.520965576172,1967.19970703125
"codex_524",695.350219726562,361.314819335938,491.564788818359,958.978576660156
"codex_525",25.5950603485107,535.824462890625,311.317718505859,585.286193847656
"codex_526",1372.50183105469,638.119262695312,1104.28088378906,639.239624023438
"codex_527",1648.81567382812,641.739501953125,827.929260253906,961.957580566406
"codex_528",1228.14880371094,733.857482910156,1102.83190917969,1002.00927734375
"codex_529",874.706237792969,342.709716796875,891.627014160156,316.906097412109
"codex_530",841.871704101562,377.049957275391,313.858001708984,400.615234375
"codex_531",1335.26013183594,481.477508544922,876.892211914062,732.541015625
"codex_532",1655.04382324219,408.910217285156,870.267395019531,494.589996337891
"codex_533",2128.51806640625,134.581344604492,822.983825683594,421.332122802734
"codex_534",3157.95874023438,3754.03442382812,1016.33801269531,1438.57067871094
"codex_535",1006.71533203125,329.153289794922,566.268188476562,826.98095703125
"codex_536",1750.74609375,833.930236816406,1090.30065917969,930.147399902344
"codex_537",670.871520996094,234.496337890625,406.291809082031,814.351623535156
"codex_538",517.941833496094,326.453521728516,789.303161621094,588.708129882812
"codex_539",929.983520507812,308.449920654297,993.550109863281,628.259216308594
"codex_540",-34.6518707275391,-431.468627929688,-216.79931640625,-270.809112548828
"codex_541",2777.57934570312,347.787200927734,1131.51489257812,1225.94665527344
"codex_542",-4757.39404296875,-4122.98291015625,-3814.80249023438,-3314.90258789062
"codex_543",1193.84045410156,506.210083007812,697.609375,840.985473632812
"codex_544",5246.0146484375,695.711181640625,1433.73400878906,1643.84924316406
"codex_545",1657.40734863281,721.63232421875,999.210632324219,906.527160644531
"codex_546",677.69384765625,422.285675048828,611.398681640625,341.661712646484
"codex_547",2529.18017578125,924.416137695312,1069.88452148438,1591.19555664062
"codex_548",-83.9053421020508,322.216949462891,704.453063964844,896.63427734375
"codex_549",-0.621761977672577,406.967651367188,349.768951416016,699.576416015625
"codex_550",324.530090332031,75.3233184814453,263.503662109375,281.482452392578
"codex_551",1672.27062988281,982.09912109375,1025.21618652344,1045.83178710938
"codex_552",396.949645996094,182.326843261719,531.887634277344,369.319793701172
"codex_553",323.310668945312,359.571685791016,371.981201171875,1344.99621582031
"codex_554",1315.93005371094,314.57177734375,789.156066894531,614.59716796875
"codex_555",318.005187988281,321.604522705078,388.737823486328,222.040176391602
"codex_556",330.645385742188,386.964813232422,475.511535644531,777.819763183594
"codex_557",1170.33239746094,864.237182617188,1306.18408203125,1118.40600585938
"codex_558",-1.57818388938904,102.384407043457,463.64404296875,612.626098632812
"codex_559",2154.52709960938,826.760864257812,1876.64233398438,1790.48852539062
"codex_560",1351.54992675781,647.378234863281,832.689392089844,669.678833007812
"codex_561",1284.76806640625,358.0849609375,1470.88049316406,910.593872070312
"codex_562",547.32421875,559.927734375,671.628356933594,875.588134765625
"codex_563",1522.26342773438,598.052001953125,963.77294921875,557.401123046875
"codex_564",947.272888183594,633.680236816406,811.189514160156,1305.21362304688
"codex_565",732.0556640625,656.996948242188,832.927185058594,1285.65283203125
"codex_566",-575.957092285156,-29.6092185974121,88.9505386352539,56.2569236755371
"codex_567",2095.87719726562,501.153839111328,816.037414550781,996.709350585938
"codex_568",1452.77404785156,447.376007080078,1580.64758300781,638.004516601562
"codex_569",1042.14685058594,275.476440429688,509.602935791016,800.818054199219
"codex_570",630.564697265625,346.88623046875,630.338439941406,344.116119384766
"codex_571",378.379302978516,142.167633056641,366.142547607422,176.757385253906
"codex_572",2214.73193359375,512.241943359375,785.616516113281,899.489074707031
"codex_573",1361.84680175781,527.978637695312,1248.12023925781,1178.67907714844
"codex_574",490.787841796875,237.65397644043,947.929870605469,458.856567382812
"codex_575",780.822570800781,191.508758544922,1017.79766845703,818.476501464844
"codex_576",1852.39135742188,812.176147460938,1401.59704589844,510.318237304688
"codex_577",825.343139648438,342.988037109375,663.747863769531,589.020751953125
"codex_578",2338.17846679688,1898.55786132812,2112.5185546875,2060.4775390625
"codex_579",2584.71411132812,529.461120605469,719.578125,1064.91613769531
"codex_580",442.083221435547,139.338928222656,621.994812011719,445.790832519531
"codex_581",254.554702758789,452.634552001953,227.297317504883,493.964447021484
"codex_582",2682.06469726562,716.843139648438,847.832458496094,862.149291992188
"codex_583",1169.73083496094,503.163146972656,472.573486328125,889.847412109375
"codex_584",277.423309326172,400.219055175781,504.282104492188,659.221618652344
"codex_585",766.154663085938,562.520446777344,779.524047851562,771.56201171875
"codex_586",2801.18896484375,271.912963867188,373.973846435547,525.58349609375
"codex_587",96.2876052856445,455.888854980469,235.850814819336,1576.58508300781
"codex_588",887.300170898438,378.414733886719,511.761291503906,918.77880859375
"codex_589",1323.88989257812,162.377304077148,704.75,417.821228027344
"codex_590",1076.17175292969,638.474853515625,906.181457519531,1331.26501464844
"codex_591",1335.55786132812,424.531555175781,669.993591308594,627.108032226562
"codex_592",1114.82861328125,300.171417236328,421.342864990234,810.1142578125
"codex_593",1030.482421875,1418.58044433594,1287.00817871094,1739.0087890625
"codex_594",11523.478515625,9997.5673828125,9236.5576171875,9493.8408203125
"codex_595",875.615783691406,537.703125,811.497863769531,1045.5615234375
"codex_596",10894.1591796875,8905.123046875,8272.6474609375,7507.56396484375
"codex_597",1595.78894042969,313.172271728516,849.810546875,365.659973144531
"codex_598",2768.22094726562,915.643371582031,1715.87609863281,746.115051269531
"codex_599",2323.16748046875,751.764404296875,2102.78979492188,1330.77526855469
"codex_600",282.307891845703,316.787292480469,525.059020996094,442.488647460938
"codex_601",1253.66247558594,352.923431396484,800.769470214844,633.616027832031
"codex_602",784.807983398438,718.751403808594,923.762390136719,1208.83215332031
"codex_603",1455.00366210938,552.539978027344,1261.79431152344,1329.25854492188
"codex_604",450.527282714844,464.189331054688,604.422668457031,736.736877441406
"codex_605",1082.60571289062,431.385986328125,701.575012207031,721.01513671875
"codex_606",883.080688476562,358.386077880859,636.529113769531,453.036499023438
"codex_607",962.956787109375,272.943969726562,676.330993652344,626.092651367188
"codex_608",1002.01995849609,143.534545898438,470.651000976562,385.3134765625
"codex_609",1571.20861816406,606.145874023438,1177.42858886719,781.023742675781
"codex_610",731.086547851562,-256.374206542969,267.922668457031,996.389831542969
"codex_611",2475.96606445312,2294.45092773438,2830.2080078125,2743.19262695312
"codex_612",1489.08129882812,1413.11352539062,1239.02905273438,1370.24157714844
"codex_613",-1.27626144886017,-770.731018066406,-872.209228515625,-428.953552246094
"codex_614",45.8145980834961,180.695281982422,404.978851318359,320.032348632812
"codex_615",219.270492553711,491.226593017578,583.88818359375,418.388519287109
"codex_616",339.855621337891,324.804138183594,622.754333496094,753.084350585938
"codex_617",1656.17028808594,772.80615234375,1155.13232421875,1217.23571777344
"codex_618",2176.841796875,396.550109863281,1006.4111328125,837.767944335938
"codex_619",2072.86279296875,634.3154296875,1124.56359863281,669.256225585938
"codex_620",1459.33728027344,431.825225830078,591.163330078125,633.23095703125
"codex_621",1229.82629394531,836.631591796875,1062.26599121094,557.497314453125
"codex_622",465.596038818359,488.949157714844,662.061096191406,358.85498046875
"codex_623",1560.54406738281,281.187255859375,862.529052734375,566.143249511719
"codex_624",1050.23742675781,325.177734375,502.641937255859,636.770935058594
"codex_625",97.4484100341797,-517.150024414062,-411.500152587891,-425.963226318359
"codex_626",509.611114501953,586.896484375,561.09521484375,784.396850585938
"codex_627",800.518920898438,277.905334472656,713.622436523438,895.427062988281
"codex_628",1672.93957519531,796.482604980469,1303.73803710938,1139.37585449219
"codex_629",2947.52807617188,370.702423095703,753.851379394531,1083.86376953125
"codex_630",49.5838470458984,111.21321105957,77.1207504272461,547.745666503906
"codex_631",1342.79150390625,503.241516113281,1225.87316894531,1083.70190429688
"codex_632",-758.357604980469,-2.45779824256897,13.5260944366455,194.182373046875
"codex_633",1588.93969726562,440.319458007812,1068.72875976562,1349.64868164062
"codex_634",280.250335693359,272.148956298828,486.531555175781,689.393249511719
"codex_635",1895.94567871094,905.500610351562,1147.48278808594,1110.01232910156
"codex_636",2761.74975585938,1282.84338378906,1320.13073730469,2025.41516113281
"codex_637",797.943481445312,247.158004760742,469.043731689453,1009.00311279297
"codex_638",1091.7099609375,567.183044433594,823.798583984375,1019.10388183594
"codex_639",2231.19360351562,752.759765625,1360.64477539062,679.244079589844
"codex_640",-9.97781753540039,389.813385009766,361.730865478516,839.202514648438
"codex_641",2090.58251953125,738.744873046875,1071.50329589844,1084.62536621094
"codex_642",701.596618652344,707.091796875,663.888671875,628.83740234375
"codex_643",579.097473144531,252.607238769531,424.421295166016,851.700012207031
"codex_644",1138.80944824219,928.524597167969,1322.14624023438,1145.5546875
"codex_645",6394.6474609375,224.577667236328,951.66552734375,649.691284179688
"codex_646",72.7083358764648,234.56315612793,189.666625976562,286.474609375
"codex_647",1996.04919433594,937.259399414062,1371.20275878906,1319.05102539062
"codex_648",532.265380859375,435.983734130859,798.20703125,909.880859375
"codex_649",2324.46557617188,653.614135742188,1046.63403320312,841.115905761719
"codex_650",569.673767089844,826.640014648438,802.809448242188,1715.849609375
"codex_651",1748.18017578125,804.635131835938,1309.92138671875,1163.39733886719
"codex_652",1793.51245117188,490.707305908203,1157.99768066406,1080.98498535156
"codex_653",2124.41357421875,478.321411132812,859.973083496094,573.896728515625
"codex_654",2339.0927734375,978.076293945312,1509.42260742188,1563.24877929688
"codex_655",1559.18603515625,884.002197265625,1127.64233398438,979.767211914062
"codex_656",2535.4853515625,558.829895019531,991.128723144531,907.922790527344
"codex_657",2.75014233589172,327.110229492188,463.768341064453,501.565765380859
"codex_658",1133.1494140625,865.876586914062,1271.17846679688,1394.74975585938
"codex_659",-779.255737304688,-174.431945800781,-333.640563964844,-228.389663696289
"codex_660",204.705169677734,510.290283203125,640.976684570312,1022.72900390625
"codex_661",1752.62109375,831.755798339844,1525.33898925781,1156.37585449219
"codex_662",1335.69458007812,366.161499023438,586.122863769531,258.530364990234
"codex_663",351.460662841797,-78.9609375,103.755706787109,166.742645263672
"codex_664",1746.1533203125,617.819396972656,1186.1572265625,978.146423339844
"codex_665",1037.23010253906,914.06005859375,1085.47741699219,1972.07275390625
"codex_666",1158.96667480469,369.358825683594,626.168518066406,136.05078125
"codex_667",1919.17138671875,584.075073242188,1138.51403808594,843.972900390625
"codex_668",661.155090332031,513.388488769531,976.494140625,1290.14709472656
"codex_669",714.133850097656,419.726135253906,595.205505371094,758.45556640625
"codex_670",-179.43896484375,537.607116699219,822.880676269531,533.212036132812
"codex_671",2627.35595703125,626.034057617188,1118.13635253906,1501.2158203125
"codex_672",1417.79907226562,469.831756591797,692.410583496094,1006.41888427734
"codex_673",449.800109863281,191.197006225586,434.619445800781,239.988647460938
"codex_674",1012.08093261719,263.642822265625,637.922607421875,1065.01049804688
"codex_675",209.106002807617,288.711242675781,350.401763916016,344.937469482422
"codex_676",1255.88659667969,621.174255371094,732.728515625,1159.51171875
"codex_677",1506.56384277344,907.764343261719,970.482421875,1348.21765136719
"codex_678",532.8671875,271.544525146484,606.43408203125,673.974670410156
"codex_679",1036.50817871094,441.066833496094,745.006652832031,1092.56127929688
"codex_680",566.075744628906,547.230346679688,738.914245605469,808.973388671875
"codex_681",4.51193284988403,278.833374023438,188.401321411133,446.282470703125
"codex_682",821.901672363281,174.937240600586,767.479919433594,594.45556640625
"codex_683",1093.65087890625,871.434875488281,860.759643554688,1569.94946289062
"codex_684",2015.60583496094,731.9384765625,811.348327636719,2154.67407226562
"codex_685",726.96630859375,387.032348632812,690.081787109375,506.945068359375
"codex_686",354.517883300781,631.370544433594,452.563140869141,599.407348632812
"codex_687",-210.845062255859,-382.820404052734,0.454990446567535,624.491882324219
"codex_688",774.484069824219,484.370239257812,570.627746582031,786.028259277344
"codex_689",1116.78491210938,451.474700927734,1002.03955078125,1175.59033203125
"codex_690",172.231567382812,388.751800537109,744.714721679688,909.90673828125
"codex_691",1880.89794921875,620.247985839844,1555.54357910156,631.148315429688
"codex_692",802.760498046875,256.614715576172,876.942443847656,292.877014160156
"codex_693",500.820495605469,265.938385009766,490.690063476562,582.132873535156
"codex_694",1879.34729003906,895.544250488281,880.414123535156,1744.54016113281
"codex_695",1492.48449707031,822.959045410156,1260.44506835938,1468.1328125
"codex_696",1793.18505859375,294.491333007812,327.132507324219,291.744293212891
"codex_697",195.769790649414,331.968322753906,252.415328979492,1198.61584472656
"codex_698",1561.78063964844,601.713562011719,943.346069335938,814.621215820312
"codex_699",354.311798095703,185.479629516602,368.857177734375,17.3674030303955
"codex_700",842.232727050781,498.86962890625,592.579528808594,813.021057128906
"codex_701",480.112426757812,483.942596435547,615.1044921875,929.872375488281
"codex_702",312.349884033203,127.28254699707,189.60676574707,661.337585449219
"codex_703",-73.4356994628906,-38.3158569335938,91.2925643920898,-275.120483398438
"codex_704",2405.37890625,778.700317382812,906.886657714844,2258.22192382812
"codex_705",502.528137207031,211.947555541992,406.517791748047,-48.7981300354004
"codex_706",1086.78820800781,810.339599609375,995.697082519531,1226.87780761719
"codex_707",1307.89440917969,643.84619140625,936.911010742188,975.424011230469
"codex_708",923.795532226562,537.157287597656,652.445861816406,1179.2060546875
"codex_709",1053.13488769531,335.603759765625,1041.8798828125,45.1942100524902
"codex_710",1579.10668945312,426.038360595703,828.787475585938,868.734497070312
"codex_711",1001.74731445312,568.440795898438,1045.02917480469,815.493408203125
"codex_712",1378.34729003906,502.675109863281,713.635131835938,211.319473266602
"codex_713",4428.10302734375,3453.48852539062,3250.90844726562,3356.89306640625
"codex_714",790.769836425781,292.363159179688,695.265014648438,548.990600585938
"codex_715",-256.759185791016,272.000549316406,305.562530517578,511.212219238281
"codex_716",430.780822753906,289.522491455078,884.954284667969,806.596130371094
"codex_717",1544.17687988281,805.68115234375,966.86181640625,809.671264648438
"codex_718",1732.21008300781,425.238311767578,482.152099609375,928.505187988281
"codex_719",1770.29418945312,1157.95190429688,1538.03015136719,1704.78527832031
"codex_720",137.531387329102,387.3466796875,495.571746826172,913.054443359375
"codex_721",719.732360839844,309.161834716797,464.785461425781,222.495819091797
"codex_722",456.253143310547,152.605377197266,287.246734619141,67.7377777099609
"codex_723",1207.07409667969,547.102600097656,926.310302734375,921.847534179688
"codex_724",2209.06005859375,631.659851074219,1199.01245117188,975.386962890625
"codex_725",770.060607910156,340.411163330078,592.555541992188,710.563537597656
"codex_726",1547.73120117188,927.3076171875,1726.51525878906,1553.33276367188
"codex_727",974.874755859375,672.917053222656,896.230346679688,998.650939941406
"codex_728",1720.63952636719,1011.14361572266,1445.88488769531,1081.52978515625
"codex_729",1251.37316894531,515.588073730469,1003.21893310547,1152.38024902344
"codex_730",334.365417480469,490.289886474609,845.446838378906,707.331604003906
"codex_731",374.201324462891,492.069488525391,730.780334472656,1175.75354003906
"codex_732",1225.66589355469,764.609802246094,1174.86938476562,1304.59020996094
"codex_733",590.979125976562,710.827026367188,860.068969726562,943.060363769531
"codex_734",203.683486938477,190.458892822266,264.759399414062,242.543884277344
"codex_735",1513.54016113281,1001.56909179688,1104.79443359375,1632.17004394531
"codex_736",7512.40869140625,575.950134277344,952.764038085938,777.47509765625
"codex_737",126.594459533691,21.6509227752686,140.273574829102,66.0603790283203
"codex_738",654.832275390625,499.044738769531,673.792907714844,619.848327636719
"codex_739",1614.79370117188,637.052185058594,1147.33654785156,767.149719238281
"codex_740",0.159962266683578,6.7409143447876,-19.1987571716309,-401.548767089844
"codex_741",1151.95422363281,546.560424804688,752.3388671875,1303.80627441406
"codex_742",520.0126953125,625.080444335938,644.989318847656,699.294494628906
"codex_743",667.062805175781,504.10400390625,565.073669433594,876.356506347656
"codex_744",146.537368774414,-11.6670532226562,81.0934143066406,-328.205871582031
"codex_745",1200.42541503906,538.584228515625,860.78466796875,1049.958984375
"codex_746",1250.02416992188,806.2705078125,1006.94116210938,1248.34912109375
"codex_747",898.077331542969,585.253051757812,627.966613769531,766.791931152344
"codex_748",519.94775390625,454.267578125,630.987670898438,650.680236816406
"codex_749",483.165222167969,88.7160949707031,448.861785888672,945.669738769531
"codex_750",1512.7373046875,848.006591796875,1216.51879882812,1210.9755859375
"codex_751",839.118774414062,674.429870605469,658.482666015625,484.171539306641
"codex_752",2116.9248046875,525.443420410156,751.051391601562,637.245971679688
"codex_753",2026.60266113281,671.611389160156,930.833190917969,1240.40002441406
"codex_754",1130.05322265625,781.637451171875,1107.12780761719,1250.78881835938
"codex_755",3600.03369140625,2054.99462890625,2501.0517578125,2323.349609375
"codex_756",1763.51525878906,495.511260986328,853.476318359375,661.666564941406
"codex_757",1020.43756103516,279.015533447266,524.102844238281,1348.61340332031
"codex_758",536.835754394531,93.5593643188477,68.9050140380859,339.518585205078
"codex_759",1365.71166992188,132.343734741211,744.93115234375,450.997314453125
"codex_760",1404.7763671875,526.9990234375,1079.33032226562,703.589660644531
"codex_761",1085.8515625,289.869812011719,764.713256835938,511.471893310547
"codex_762",1444.78967285156,457.284210205078,1272.15771484375,287.574737548828
"codex_763",947.091674804688,590.273742675781,753.982666015625,829.801208496094
"codex_764",1114.06579589844,-59.1164321899414,245.200103759766,-0.561586439609528
"codex_765",381.210723876953,-79.8307876586914,558.214782714844,421.468414306641
"codex_766",-93.6380157470703,21.8297748565674,156.09407043457,733.383422851562
"codex_767",2020.55139160156,851.315673828125,1431.74743652344,869.811645507812
"codex_768",587.627136230469,264.827239990234,545.926025390625,457.174713134766
"codex_769",1147.8251953125,629.812805175781,690.113708496094,910.558898925781
"codex_770",1084.66345214844,465.721038818359,743.079162597656,976.325500488281
"codex_771",1146.43737792969,290.731475830078,758.558410644531,655.043518066406
"codex_772",1319.46594238281,359.739562988281,621.821105957031,805.6982421875
"codex_773",1168.1611328125,446.998626708984,347.494781494141,1484.13635253906
"codex_774",1832.44958496094,562.512329101562,1168.93420410156,1515.76928710938
"codex_775",1902.1357421875,1167.38024902344,1495.154296875,827.08544921875
"codex_776",1322.81848144531,539.006408691406,1172.89953613281,1047.44299316406
"codex_777",1146.330078125,47.3888092041016,174.927581787109,844.336120605469
"codex_778",941.971618652344,595.393798828125,749.444213867188,888.052001953125
"codex_779",1212.87536621094,537.063354492188,708.037170410156,1514.16394042969
"codex_780",1691.81323242188,643.823852539062,1137.6767578125,1106.13049316406
"codex_781",1073.36267089844,621.14111328125,888.162536621094,564.242126464844
"codex_782",628.821533203125,663.750549316406,666.884155273438,1184.38220214844
"codex_783",968.587036132812,753.690002441406,796.8115234375,1284.91088867188
"codex_784",605.24658203125,260.988159179688,679.64111328125,563.827514648438
"codex_785",1694.208984375,471.856994628906,1289.99768066406,656.669677734375
"codex_786",1597.73022460938,1180.98620605469,1185.39282226562,1573.65539550781
"codex_787",3487.04931640625,769.285766601562,1612.27026367188,1068.5458984375
"codex_788",1722.22009277344,361.451019287109,1335.92358398438,1079.1923828125
"codex_789",1207.74243164062,665.453247070312,1075.10668945312,420.673126220703
"codex_790",1660.32653808594,602.757934570312,1534.35595703125,725.434020996094
"codex_791",552.862426757812,570.158081054688,692.91162109375,944.969482421875
"codex_792",927.131408691406,391.961456298828,749.370666503906,937.093383789062
"codex_793",-301.809692382812,-0.723360896110535,67.7179183959961,223.315704345703
"codex_794",691.768493652344,409.044647216797,607.073852539062,710.551635742188
"codex_795",1050.5849609375,510.746765136719,1030.93896484375,1184.42980957031
"codex_796",803.150573730469,559.779541015625,446.937408447266,606.834167480469
"codex_797",1532.88269042969,733.987731933594,532.658569335938,656.99560546875
"codex_798",141.193664550781,103.749298095703,296.957580566406,-3.6058177947998
"codex_799",2690.29614257812,2162.30346679688,2244.58764648438,3407.68237304688
"codex_800",1639.87084960938,728.226440429688,892.247741699219,1309.79187011719
"codex_801",793.752502441406,567.208312988281,705.167785644531,490.550659179688
"codex_802",1711.13342285156,676.886047363281,1317.55334472656,1038.02856445312
"codex_803",1035.55261230469,592.495849609375,846.382629394531,993.869995117188
"codex_804",993.584045410156,776.212951660156,743.162109375,994.941345214844
"codex_805",-540.914428710938,-226.004089355469,-95.3404693603516,-519.397216796875
"codex_806",1182.193359375,263.151184082031,778.8671875,683.625305175781
"codex_807",582.532165527344,284.553283691406,335.790832519531,376.634948730469
"codex_808",840.728332519531,794.193176269531,946.498596191406,1500.17138671875
"codex_809",1276.2001953125,303.4794921875,642.823059082031,345.969970703125
"codex_810",1412.58422851562,767.191772460938,1166.17199707031,1177.61706542969
"codex_811",536.6171875,433.17626953125,638.18017578125,512.528747558594
"codex_812",522.123718261719,87.2151336669922,348.610229492188,492.268127441406
"codex_813",493.12353515625,123.625495910645,430.942840576172,138.480255126953
"codex_814",1743.20458984375,514.022705078125,1284.70458984375,960.727294921875
"codex_815",2166.2890625,559.701599121094,1383.19750976562,661.679565429688
"codex_816",-123.906204223633,146.291732788086,167.635467529297,834.91748046875
"codex_817",1826.19458007812,505.477203369141,811.995422363281,1015.77099609375
"codex_818",1015.77160644531,775.588195800781,843.0546875,1158.17822265625
"codex_819",1623.96850585938,426.004364013672,1011.9453125,701.660705566406
"codex_820",1195.76647949219,781.249267578125,1135.17309570312,805.467712402344
"codex_821",1250.33728027344,133.356994628906,302.904205322266,552.706665039062
"codex_822",2039.75183105469,1413.40979003906,1649.61584472656,1752.37878417969
"codex_823",794.964660644531,-34.6848831176758,39.8629455566406,-47.2982597351074
"codex_824",664.701049804688,256.778503417969,487.312194824219,317.008331298828
"codex_825",620.006408691406,328.822387695312,475.148742675781,858.695373535156
"codex_826",1167.07458496094,583.858215332031,962.412658691406,864.410217285156
"codex_827",1080.29138183594,617.215698242188,916.353332519531,662.94775390625
"codex_828",1079.29968261719,527.230895996094,825.817749023438,743.950012207031
"codex_829",1779.15405273438,1142.85485839844,1415.6650390625,1908.32849121094
"codex_830",637.680725097656,491.557769775391,664.46533203125,320.69189453125
"codex_831",166.279067993164,205.709930419922,282.334655761719,431.797821044922
"codex_832",1039.58471679688,792.359741210938,1011.37463378906,923.947570800781
"codex_833",1202.32739257812,661.40478515625,788.225708007812,1114.84655761719
"codex_834",298.937347412109,-200.468933105469,-24.851282119751,-269.179504394531
"codex_835",856.559387207031,494.525329589844,948.842590332031,216.683578491211
"codex_836",533.621704101562,130.288848876953,249.576477050781,525.751342773438
"codex_837",480.628509521484,597.714294433594,766.790100097656,564.766662597656
"codex_838",216.579437255859,336.218963623047,292.358795166016,282.421325683594
"codex_839",2546.27612304688,658.823364257812,1293.84191894531,1230.93298339844
"codex_840",1324.15368652344,442.738647460938,992.494567871094,615.335205078125
"codex_841",979.438293457031,71.9738006591797,287.994476318359,196.427154541016
"codex_842",719.420227050781,706.164001464844,827.571228027344,1427.35754394531
"codex_843",860.657836914062,818.229736328125,837.728088378906,840.341552734375
"codex_844",1157.46325683594,426.347137451172,887.139770507812,481.946746826172
"codex_845",1627.87854003906,582.699951171875,863.662658691406,867.973266601562
"codex_846",1121.06860351562,618.221618652344,949.581298828125,1046.17321777344
"codex_847",-337.250183105469,47.342658996582,-29.1768779754639,385.52734375
"codex_848",928.711975097656,570.008422851562,509.726379394531,738.665832519531
"codex_849",2206.46118164062,1454.43615722656,1827.34887695312,1469.46447753906
"codex_850",975.967224121094,810.72802734375,860.156677246094,770.8505859375
"codex_851",1017.61029052734,579.402709960938,1180.83728027344,840.562072753906
"codex_852",1875.02563476562,394.048645019531,819.246154785156,874.732482910156
"codex_853",-134.863677978516,-97.6151733398438,54.3892402648926,-10.0583915710449
"codex_854",-3663.73413085938,-3811.70825195312,-3038.96435546875,-3427.3486328125
"codex_855",517.809509277344,611.646911621094,433.095977783203,624.867797851562
"codex_856",282.9853515625,-210.50146484375,64.3132019042969,24.7034244537354
"codex_857",2036.08349609375,317.263641357422,721.075317382812,582.902099609375
"codex_858",1208.44946289062,250.040374755859,554.150451660156,502.602203369141
"codex_859",240.484344482422,648.591125488281,406.509216308594,659.804382324219
"codex_860",1131.40979003906,549.534362792969,930.763610839844,1783.41833496094
"codex_861",1850.85314941406,605.411010742188,1157.44348144531,1043.33166503906
"codex_862",524.735778808594,699.396789550781,890.767395019531,846.70068359375
"codex_863",2037.76245117188,814.860656738281,1246.904296875,987.299011230469
"codex_864",741.205261230469,607.694213867188,794.758666992188,899.322631835938
"codex_865",1419.6103515625,1105.89953613281,1311.50402832031,1460.06506347656
"codex_866",1638.91040039062,743.478332519531,950.547119140625,926.438598632812
"codex_867",2122.70068359375,628.886596679688,1180.21350097656,1055.64892578125
"codex_868",223.028686523438,-43.1266479492188,178.851181030273,198.35612487793
"codex_869",-109.789253234863,701.764831542969,366.452423095703,602.286010742188
"codex_870",-342.914794921875,-187.773468017578,-66.2124633789062,-168.707550048828
"codex_871",909.100708007812,639.091796875,872.768127441406,1750.81042480469
"codex_872",396.479705810547,323.648223876953,360.479278564453,482.937683105469
"codex_873",660.760437011719,671.823120117188,254.904083251953,626.376403808594
"codex_874",574.418151855469,530.007629394531,760.554016113281,1103.62280273438
"codex_875",1688.15283203125,544.62451171875,929.154846191406,1071.44848632812
"codex_876",36542.83984375,34094.15234375,31911.119140625,31037.474609375
"codex_877",250.18684387207,171.539474487305,376.631286621094,936.195678710938
"codex_878",-139.869140625,197.707534790039,343.443786621094,290.144592285156
"codex_879",1949.56909179688,1037.81140136719,1085.1845703125,1226.85388183594
"codex_880",1517.27941894531,465.108184814453,726.864624023438,600.656372070312
"codex_881",2727.98657226562,771.686584472656,1425.74291992188,892.73291015625
"codex_882",573.49560546875,489.172607421875,722.506713867188,866.781433105469
"codex_883",1133.67041015625,501.493835449219,732.877380371094,919.715637207031
"codex_884",1691.86389160156,557.540832519531,878.161071777344,984.000305175781
"codex_885",1244.28186035156,334.389434814453,775.737854003906,799.077880859375
"codex_886",1249.8623046875,638.60009765625,702.211059570312,1292.48779296875
"codex_887",1370.22106933594,839.306640625,1082.35363769531,844.129699707031
"codex_888",1686.29272460938,652.354553222656,1442.09375,901.04931640625
"codex_889",-200.696899414062,34.5690841674805,146.816329956055,448.922393798828
"codex_890",2691.86572265625,2274.38549804688,2521.88427734375,2864.55444335938
"codex_891",374.549774169922,672.959167480469,279.316711425781,273.733459472656
"codex_892",809.317565917969,570.626647949219,461.432891845703,1123.9765625
"codex_893",1003.00646972656,448.117279052734,641.52587890625,442.870727539062
"codex_894",2659.326171875,645.010864257812,1509.88598632812,653.59765625
"codex_895",297.755218505859,-945.032775878906,402.353515625,314.437530517578
"codex_896",256.221130371094,198.11555480957,318.669952392578,355.494018554688
"codex_897",961.451782226562,172.227951049805,683.709228515625,601.66796875
"codex_898",637.280151367188,686.801574707031,500.2099609375,361.384826660156
"codex_899",591.66015625,254.761810302734,574.604797363281,668.223266601562
"codex_900",653.967651367188,387.152374267578,659.573181152344,949.510314941406
"codex_901",747.544128417969,728.785949707031,659.408752441406,2118.12231445312
"codex_902",616.231140136719,262.808074951172,392.180725097656,291.447296142578
"codex_903",736.840209960938,109.19580078125,657.754760742188,356.254547119141
"codex_904",1254.73205566406,367.262115478516,926.059387207031,294.13427734375
"codex_905",1866.55676269531,509.862091064453,741.077453613281,526.341613769531
"codex_906",1863.38793945312,646.636962890625,920.483276367188,941.125244140625
"codex_907",1750.82727050781,1077.7802734375,1305.64147949219,1655.68676757812
"codex_908",1702.28784179688,473.923828125,896.751220703125,841.474487304688
"codex_909",513.151123046875,247.156463623047,548.164428710938,360.746490478516
"codex_910",-470.53271484375,285.361267089844,521.095336914062,454.740600585938
"codex_911",428.551361083984,102.449424743652,222.501358032227,-251.047866821289
"codex_912",1758.03125,85.5642395019531,286.376007080078,932.3154296875
"codex_913",711.653198242188,387.165100097656,602.703857421875,414.730590820312
"codex_914",625.2119140625,401.98046875,698.181823730469,912.339233398438
"codex_915",497.2734375,469.993682861328,670.562561035156,382.589019775391
"codex_916",1709.16687011719,365.496185302734,648.451354980469,406.243560791016
"codex_917",-288.241516113281,352.366333007812,277.990966796875,199.907699584961
"codex_918",392.552276611328,87.098388671875,503.717041015625,260.298858642578
"codex_919",645.083129882812,1021.91925048828,642.343200683594,1025.81726074219
"codex_920",592.593688964844,363.025177001953,395.95556640625,484.812561035156
"codex_921",2130.66333007812,628.164916992188,1062.14965820312,696.363708496094
"codex_922",684.3828125,140.540985107422,343.790161132812,-457.739837646484
"codex_923",952.243408203125,618.003845214844,916.947143554688,1213.02807617188
"codex_924",524.258544921875,479.194244384766,872.046569824219,877.239318847656
"codex_925",1048.01538085938,311.851806640625,690.818054199219,742.943054199219
"codex_926",582.42236328125,404.109924316406,441.832641601562,227.143859863281
"codex_927",1166.47570800781,406.960571289062,776.425048828125,763.894470214844
"codex_928",2418.26000976562,578.34912109375,1173.95788574219,663.191772460938
"codex_929",666.227783203125,564.227294921875,538.065673828125,953.995178222656
"codex_930",1035.10766601562,205.697708129883,449.261596679688,215.997802734375
"codex_931",47.8009071350098,34.9174499511719,91.5410537719727,265.293334960938
"codex_932",1060.26525878906,491.672515869141,662.2509765625,1014.41131591797
"codex_933",1386.53063964844,742.150512695312,1130.89587402344,1215.71618652344
"codex_934",2852.62890625,1292.19018554688,1818.08422851562,1804.97241210938
"codex_935",1545.24755859375,695.639343261719,1110.81066894531,588.216857910156
"codex_936",1042.43615722656,587.285949707031,870.70166015625,1131.78820800781
"codex_937",1423.11413574219,656.639831542969,1077.28186035156,824.147705078125
"codex_938",1256.71813964844,498.491363525391,839.397277832031,1364.02429199219
"codex_939",486.130310058594,464.690673828125,725.46240234375,900.867309570312
"codex_940",-325.373168945312,-83.1897735595703,29.0006103515625,-298.404754638672
"codex_941",-213.506072998047,-112.933822631836,-119.593475341797,-114.303428649902
"codex_942",1756.88916015625,486.7607421875,800.888305664062,338.081207275391
"codex_943",3645.51196289062,773.267883300781,914.208618164062,1192.509765625
"codex_944",946.832885742188,462.533142089844,443.955963134766,356.217742919922
"codex_945",2659.18212890625,738.602355957031,810.198974609375,625.445556640625
"codex_946",1149.64501953125,822.753051757812,1013.85772705078,937.498352050781
"codex_947",416.669464111328,377.48583984375,553.173583984375,422.143615722656
"codex_948",636.839721679688,493.157562255859,621.579833984375,823.472351074219
"codex_949",1342.53405761719,577.624389648438,865.964111328125,932.532470703125
"codex_950",1083.68383789062,666.402160644531,1042.72839355469,1624.24523925781
"codex_951",1566.0869140625,685.500732421875,880.49462890625,777.430603027344
"codex_952",2237.33520507812,525.531005859375,974.688354492188,714.880432128906
"codex_953",731.215515136719,668.843017578125,920.698852539062,1077.31958007812
"codex_954",643.102722167969,659.492370605469,890.887939453125,624.641235351562
"codex_955",359.937347412109,360.597106933594,513.796569824219,574.221496582031
"codex_956",1178.40026855469,669.512145996094,1268.49475097656,445.092834472656
"codex_957",995.86376953125,146.001846313477,535.351623535156,213.712921142578
"codex_958",-444.1953125,42.2580795288086,290.825012207031,254.014877319336
"codex_959",1001.90118408203,641.381652832031,841.283752441406,983.541564941406
"codex_960",1176.72009277344,276.474700927734,469.062683105469,186.088424682617
"codex_961",313.977569580078,147.857070922852,303.383728027344,190.863189697266
"codex_962",1016.04553222656,415.388519287109,959.614624023438,634.026550292969
"codex_963",886.604919433594,354.851959228516,675.227966308594,538.147583007812
"codex_964",713.936462402344,740.454528808594,1153.33361816406,1772.59252929688
"codex_965",-511.858734130859,88.9608917236328,185.475631713867,166.46223449707
"codex_966",321.963897705078,234.603256225586,486.796813964844,433.45361328125
"codex_967",255.741607666016,329.406677246094,274.801025390625,-14.7791652679443
"codex_968",948.377990722656,856.206787109375,940.136657714844,2078.77490234375
"codex_969",2571.89453125,528.381469726562,1182.583984375,451.676177978516
"codex_970",638.935546875,1695.67028808594,658.041564941406,1340.76782226562
"codex_971",1019.40051269531,447.643981933594,514.485046386719,419.737030029297
"codex_972",821.060852050781,387.511108398438,649.376403808594,403.1982421875
"codex_973",1159.59130859375,596.537658691406,777.517333984375,553.395568847656
"codex_974",809.731506347656,405.235046386719,678.40869140625,864.763610839844
"codex_975",672.248107910156,205.161193847656,707.491821289062,1048.06579589844
"codex_976",2102.51513671875,686.429565429688,1388.83215332031,642.752319335938
"codex_977",563.837097167969,248.761138916016,883.462768554688,559.109375
"codex_978",1431.2568359375,1374.27465820312,1303.49182128906,1352.75012207031
"codex_979",1266.20544433594,552.12744140625,1051.71215820312,1386.80065917969
"codex_980",814.739624023438,550.66845703125,711.56103515625,724.003784179688
"codex_981",1411.03503417969,557.260375976562,557.481506347656,1090.37145996094
"codex_982",1158.96911621094,414.332275390625,860.710815429688,839.570983886719
"codex_983",2232.89331054688,281.936401367188,930.08349609375,1304.74548339844
"codex_984",603.151611328125,159.940307617188,401.183380126953,198.495391845703
"codex_985",1936.04223632812,535.063537597656,1021.12066650391,840.861450195312
"codex_986",484.356475830078,204.241714477539,596.341430664062,434.876159667969
"codex_987",2293.06494140625,900.522888183594,1476.42883300781,1601.16052246094
"codex_988",1926.60278320312,909.9716796875,1232.24487304688,1004.20208740234
"codex_989",1186.34448242188,706.217651367188,964.397155761719,1193.86315917969
"codex_990",617.220092773438,467.917999267578,509.982971191406,535.206787109375
"codex_991",2105.11108398438,947.05908203125,1584.11706542969,1100.50085449219
"codex_992",460.414581298828,503.202178955078,541.404846191406,533.463623046875
"codex_993",665.88232421875,95.5632095336914,332.731262207031,605.983520507812
"codex_994",1930.43469238281,784.201782226562,1464.60461425781,728.533203125
"codex_995",347.922119140625,438.74267578125,373.636840820312,671.717468261719
"codex_996",1364.00451660156,51.5410461425781,131.636291503906,319.025268554688
"codex_997",1200.50512695312,367.641723632812,827.566833496094,573.485534667969
"codex_998",1783.26708984375,487.798858642578,1030.34875488281,688.72216796875
"codex_999",1074.47131347656,687.708923339844,1054.83312988281,610.807250976562
"codex_1000",901.53564453125,813.971801757812,1015.17150878906,1074.46374511719
